as_of,target_date,forecast_rv,forecast_rv_single_har,daily_sigma,stress_index,regime,p_calm,p_normal,p_stressed,p_panic,var99,es99,var95,es95,trained_through,realized_rv,realized_return,breach99,breach95
2026-08-11,,7.483998055504607,6.755796391318458,0.0047144756350848,0.2208993866469191,Normal,0.3702453651499936,0.5968646439316008,0.03283645674606,5.353417234558136e-05,0.0186854818014752,0.0248125105000001,0.0107055504078283,0.0158042656472485,2026-08-11,4.428291005263666,0.0025015309905517,0.0,0.0
2026-08-13,,7.08640790890871,6.922572660393263,0.0044640173846985,0.1672314038102798,Calm,0.5238110586672658,0.4507550672832821,0.0253624780007987,7.139604865334029e-05,0.0176928087150359,0.0234943367626551,0.0101368141087979,0.0149646582276677,2026-08-11,3.987296041912822,-0.001981673765436,0.0,0.0
2026-08-14,,5.923750412375509,5.775534864870672,0.0037316120047528,0.0663491073365605,Calm,0.8092237082183491,0.182508053472979,0.008265446389313,2.7919193588422854e-06,0.0147899731809137,0.0196396522575709,0.0084736805344886,0.0125094267062671,2026-08-11,4.265886233530513,-0.0047385759801002,0.0,0.0
2026-08-17,,5.71287716180413,5.798220196167058,0.0035987743430462,0.0424804482302259,Calm,0.8772181755527086,0.1181235086441033,0.00465711136299,1.204440198135755e-06,0.0142634807557759,0.0189405212977328,0.0081720350507629,0.0120641170141464,2026-08-11,3.410829240958434,-0.006778680502842,0.0,0.0
2026-08-18,,5.53375979782322,5.242080151283006,0.0034859410095731,0.0301865579639357,Calm,0.9122319717989936,0.0849765279906893,0.0027913547298329,1.4548048405625713e-07,0.0138162740328223,0.018346674073088,0.0079158150524687,0.0116858675301948,2026-08-11,6.131145649156348,0.0020956400290855,0.0,0.0
2026-08-19,,5.974288677505869,6.372806066252215,0.0037634481193308,0.0535147902368459,Calm,0.8459229519206846,0.1476160042596242,0.0064547650081596,6.278811531414279e-06,0.0149161533090174,0.019807207249555,0.0085459734374082,0.0126161504335513,2026-08-11,7.828128733027972,-0.0084353712852466,0.0,0.0
2026-08-20,,6.723951885731125,7.107113502773386,0.0042356915517162,0.1200628074921697,Calm,0.6587217701725123,0.3224533771520805,0.0187395127017929,8.533997361420642e-05,0.0167878558576606,0.0222926469954768,0.0096183357235858,0.0141992449775225,2026-08-11,5.375820649345209,0.0040829139984774,0.0,0.0
2026-08-21,,6.283814935179506,6.320312222410109,0.0039584313341043,0.0991540538574475,Calm,0.7161270017119579,0.2702999763981092,0.0135568804955657,1.614139436723486e-05,0.0156889551205552,0.0208334132241682,0.0089887379770962,0.0132697897269869,2026-08-11,4.294309453751806,-0.0029427366251496,0.0,0.0
2026-08-24,,5.715857450648283,5.893917466454259,0.0036006517485502,0.0530337301871343,Calm,0.8471643577692939,0.1465722901297914,0.0062611558711324,2.1962297822727138e-06,0.0142709217161486,0.0189504021725928,0.0081762982309795,0.012070410612334,2026-08-11,5.464112022838618,0.0031908415190819,0.0,0.0
2026-08-25,,5.819304634875872,6.475094797923624,0.003665817349335,0.0583404039112416,Calm,0.8321492702980507,0.160685999994796,0.0071589773825312,5.752324622123634e-06,0.014529200842354,0.0192933718427886,0.0083242751594985,0.0122888642741158,2026-08-11,4.702319722042877,0.0002219909360958,0.0,0.0
2026-08-26,,5.6294113532766445,6.04159863631928,0.0035461958258222,0.0467809874558487,Calm,0.8649870808848028,0.1296849889605011,0.0053258170570434,2.113097652732124e-06,0.0140550896211552,0.0186637980496614,0.0080526406556957,0.0118878588429593,2026-08-11,6.811457316834331,0.0065314099398456,0.0,0.0
2026-08-27,,6.183289589567958,6.718335425686995,0.0038951063186408,0.083690538444386,Calm,0.7605238842466556,0.2279065700339031,0.0115435918590694,2.5953860372058527e-05,0.0154379710206021,0.0205001306424514,0.0088449406181542,0.0130575062316487,2026-08-11,9.677999683712027,-0.0022720644075461,0.0,0.0
2026-08-28,,7.577115590871982,8.104218465449119,0.0047731341687232,0.2161422367381323,Normal,0.3988772894046618,0.5543476586620328,0.0462461042475515,0.0005289476857537,0.018917970639607,0.0251212331649316,0.0108387511998829,0.0160009057658654,2026-08-11,4.790732881109575,-0.0029939983934993,0.0,0.0
2026-08-31,,6.370168800685922,6.327043223446811,0.0040128291562184,0.1359972258979045,Calm,0.6112388219487973,0.3695514321320981,0.0191889921956986,2.07537234060568e-05,0.0159045569379849,0.021119711560793,0.0091122636185025,0.0134521467265489,2026-08-11,7.638832477653146,-0.0068941338280792,0.0,0.0
2026-09-01,2026-09-02,7.20544136656639,7.515133519479265,0.0045390014148552,0.2065274814095392,Normal,0.4150002629409523,0.5505895511521192,0.0342376646442868,0.0001725212626416,0.0179900024730157,0.0238889812957079,0.0103070865583258,0.0152160260623171,2026-08-11,5.951574051114748,0.0044270886381595,0.0,0.0
2026-09-02,2026-09-03,6.942601250314923,6.980092833931609,0.0043734277048141,0.1970250235034825,Normal,0.4385883293190767,0.5318108196643951,0.0295383022035322,6.254881299591618e-05,0.0173337630976858,0.0230175589495311,0.0099311046175421,0.0146609758085378,2026-08-11,6.804449814261098,0.0104139974981669,0.0,0.0
2026-09-03,2026-09-04,7.2784467288626,7.266728138635513,0.0045849904703338,0.2273470090523745,Normal,0.3540005574650153,0.6100786554626842,0.0357999895224617,0.0001207975498386,0.0181722767545533,0.0241310238918038,0.0104115177166862,0.0153701944801662,2026-08-11,5.131078140870302,-0.0038616838589892,0.0,0.0
2026-09-04,2026-09-08,6.689883259452601,6.265386132468106,0.0042142303344204,0.172490217673226,Calm,0.5074007985006869,0.467754608516836,0.0248177344445889,2.685853788810279e-05,0.0167027958814811,0.0221796955835461,0.0095696019594606,0.014127300862098,2026-08-11,5.33892585181465,-0.005507263083389,0.0,0.0
2026-09-08,2026-09-09,6.352978231165169,6.384207466264076,0.0040020001153023,0.1374485420438801,Calm,0.6071443569112563,0.3733876655936269,0.0194459719473371,2.2005547779746534e-05,0.0158616368207488,0.0210627178010978,0.0090876732181338,0.013415844695827,2026-08-11,4.7194746559580665,-0.0046585933797595,0.0,0.0
2026-09-09,2026-09-10,5.825480191950813,5.911651715577434,0.0036697075846273,0.0837336396680144,Calm,0.7597924440248498,0.2292210274842515,0.0109796939529048,6.834537993989994e-06,0.0145446195074154,0.0193138463369866,0.0083331090390736,0.0123019054512792,2026-08-11,5.129429474986313,-0.0060122757288351,0.0,0.0
2026-09-10,2026-09-11,5.729016145846447,5.995564662583101,0.003608940947377,0.068251032686187,Calm,0.8039177386309735,0.1874178612292751,0.0086579635899679,6.436549783310065e-06,0.0143037753537141,0.0189940286220319,0.0081951212014961,0.0120981983686831,2026-08-11,4.041318781986445,0.0084881609127445,0.0,0.0
2026-09-11,2026-09-14,5.390232696944255,5.358453629106108,0.003395527434496,0.0397064154675176,Calm,0.8851152083008688,0.1106511897441706,0.0042327492064994,8.527484611474028e-07,0.0134579263940866,0.0178708231079779,0.0077105054569887,0.0113827754645572,2026-08-11,7.879058682241981,-0.0044716049550907,0.0,0.0
2026-09-14,2026-09-15,6.298488117672257,7.01301907269921,0.0039676745702514,0.1005564594724865,Calm,0.7135616786928622,0.271268378740516,0.0151088280229213,6.111454370027726e-05,0.0157255900157549,0.0208820608176029,0.0090097273591958,0.013300775688272,2026-08-11,5.104492384657394,-0.0045973329333505,0.0,0.0
2026-09-15,2026-09-16,5.812106929069447,5.965856949908567,0.003661283220865,0.0765308646279013,Calm,0.7803824960679876,0.2096510313113913,0.0099578552895507,8.61733107037404e-06,0.014511230153444,0.0192695085080344,0.0083139791383398,0.0122736645835531,2026-08-11,16.46243401437622,-0.0044196690400315,0.0,0.0
2026-09-16,2026-09-17,10.035887391742389,11.170282360966825,0.0063220148153331,0.3829186025703322,Normal,0.1376757887121457,0.5832220030304007,0.2717728200917649,0.0073293881656886,0.025056846598474,0.0332730660053114,0.0143559228052662,0.0211931950233884,2026-08-11,5.2717136618895415,0.0112749527911481,0.0,0.0
2026-09-17,2026-09-18,7.382915456098847,7.066825710395856,0.0046507995827267,0.2503057015041143,Normal,0.2949037885830761,0.6596003527042743,0.04517082432988,0.0003250343827695,0.0184331063922842,0.0244773803943372,0.0105609559203275,0.0155908053762176,2026-08-11,5.931966226005221,-0.0011939634396991,0.0,0.0
2026-09-18,2026-09-21,7.225268559875523,7.476890169874887,0.0045514913726391,0.2345087322905954,Normal,0.3323551696635963,0.6318458345201962,0.0357166250970325,8.2370719175001e-05,0.0180395055136371,0.0239547165402283,0.0103354485402294,0.0152578959596331,2026-08-11,8.96087997121734,0.0153860180436011,0.0,0.0
2026-09-21,2026-09-22,8.132490588151382,8.69350668648233,0.0051229875323385,0.3051119810312285,Normal,0.147683672417053,0.7899022674596615,0.0618085047358322,0.0006055553874532,0.0203045890389832,0.0269625281317705,0.0116331922171743,0.0171737139261225,2026-08-11,3.634540137052009,-0.0001551447003638,0.0,0.0
2026-09-22,2026-09-23,6.190102413034455,6.593001587278777,0.0038993979940261,0.1472720329609217,Calm,0.5786925923592635,0.4008066978079274,0.0204927284235895,7.981409219622493e-06,0.0154549807643188,0.020522717935038,0.008854686081007,0.0130718931503884,2026-08-11,7.109222750370235,-0.0072282217855165,0.0,0.0
2026-09-23,2026-09-24,7.132927766315254,7.108427969410309,0.004493322140347,0.1972804118528869,Normal,0.4395610188861484,0.5291525390142323,0.0311706297544294,0.0001158123451898,0.017808955985857,0.0236485690916587,0.0102033588452793,0.015062896118548,2026-08-11,7.327317390804054,-0.0008208586664354,0.0,0.0
2026-09-24,2026-09-25,7.58197487986775,7.371579714393074,0.004776195233064,0.2454393340724725,Normal,0.3047971456862253,0.6542835360962155,0.0407234885314757,0.0001958296860835,0.0189301029458189,0.0251373436927986,0.0108457022122836,0.0160111673257397,2026-08-11,8.096437579646153,0.0054207499460605,0.0,0.0
2026-09-28,2026-09-29,8.270321811560462,7.634713760842562,0.0052098130418719,0.3140211634384401,Normal,0.1155805448154619,0.8271713609255892,0.0568521533871155,0.0003959408718332,0.0206487156405116,0.0274194949365053,0.0118303540949615,0.0174647777736926,2026-08-11,5.891071305753838,-0.001843331584999,0.0,0.0
2026-09-29,2026-09-30,7.904367983982515,7.1292798274677045,0.0049792837992282,0.2944668008095548,Normal,0.162088014100832,0.7925267971246017,0.0452819610196359,0.0001032277549303,0.0197350297289608,0.0262062085190116,0.0113068722448838,0.016691978066534,2026-08-11,9.381345350503617,-0.0020565588310409,0.0,0.0
2026-10-01,2026-10-02,8.778831391619216,9.112793986735245,0.005530143967617,0.3506896943149702,Normal,0.0538478342801348,0.8420122654717694,0.1023628832711462,0.0017770169769495,0.0219183240013896,0.0291054119024081,0.0125577560667162,0.0185386183102368,2026-08-11,7.9279639632289065,0.007368204792434515,0.0,0.0
2026-10-05,,8.34499166696014,8.231299535701133,0.005256850629448303,0.3317959013925266,Normal,0.06774686448827692,0.869606150309402,0.06215940173878525,0.00048758346353584413,0.020835145702871576,0.02766705600712527,0.011937166242024864,0.017622461169896887,2026-08-11,,,,
